{
    "train": {
        "loss": 0.27182722091674805,
        "accuracy": 0.823076923076923,
        "precision": 1.0,
        "recall": 0.46511627906976744,
        "f1": 0.6349206349206349
    },
    "test": {
        "loss": 1.0541659593582153,
        "accuracy": 0.59375,
        "precision": 0.6,
        "recall": 0.21428571428571427,
        "f1": 0.3157894736842105
    },
    "step": 49
}
