{
    "train": {
        "loss": 0.6929644346237183,
        "accuracy": 0.6384615384615384,
        "precision": 0.0,
        "recall": 0.0,
        "f1": 0.0
    },
    "test": {
        "loss": 0.6929644346237183,
        "accuracy": 0.6384615384615384,
        "precision": 0.0,
        "recall": 0.0,
        "f1": 0.0
    },
    "step": 4
}
