step,train_loss,test_loss
0,0.13661645352840424,0.13721907138824463
