step,train_loss,test_loss
0,0.1352497786283493,0.13596482574939728
1,0.1291404366493225,0.13044431805610657
