step,train_loss,test_loss
0,0.13893607258796692,0.13891372084617615
