{
    "train_loss": 0.030868172645568848,
    "test_loss": 0.10332765430212021,
    "step": 99
}
