{
    "train": {
        "loss": 0.13893607258796692
    },
    "test": {
        "loss": 0.13891372084617615
    },
    "step": 0
}
