{
    "train_loss": 0.00216112588532269,
    "test_loss": 0.09346321225166321,
    "step": 499
}
