{
    "train_loss": 0.03969302028417587,
    "test_loss": 0.11293090134859085,
    "step": 99
}
