{
    "train": {
        "loss": 0.06334375590085983
    },
    "test": {
        "loss": 0.11190599203109741
    },
    "step": 99
}
