{
    "train": {
        "loss": 0.1291404366493225
    },
    "test": {
        "loss": 0.13044431805610657
    },
    "step": 1
}
