{
    "train_loss": 0.005296511575579643,
    "test_loss": 0.09277313202619553,
    "step": 149
}
