{
    "train": {
        "loss": 0.11136605590581894
    },
    "test": {
        "loss": 0.11854218691587448
    },
    "step": 9999
}
