{
    "train": {
        "loss": 0.13661645352840424
    },
    "test": {
        "loss": 0.13721907138824463
    },
    "step": 0
}
