{
    "train_loss": 0.02531418763101101,
    "test_loss": 0.09920019656419754,
    "step": 99
}
