{
    "train": {
        "loss": 0.13112859427928925
    },
    "test": {
        "loss": 0.13211163878440857
    },
    "step": 4
}
