step	loss
0	0.14025339484214783
1	0.13994450867176056
2	0.1422770917415619
3	0.13704906404018402
4	0.13393741846084595
5	0.13256126642227173
6	0.1290743052959442
7	0.12841184437274933
8	0.12754559516906738
9	0.1238175556063652
