step,train_accuracy,test_accuracy
0,0.6384615384615384,0.6384615384615384
1,0.6384615384615384,0.6384615384615384
2,0.6384615384615384,0.6384615384615384
3,0.6384615384615384,0.6384615384615384
4,0.6384615384615384,0.6384615384615384
