step,train_loss,test_loss
0,0.693488359451294,0.693488359451294
1,0.6933521032333374,0.6933521032333374
2,0.6932209134101868,0.6932209134101868
3,0.6930919885635376,0.6930919885635376
4,0.6929644346237183,0.6929644346237183
